cohort,target,coverage_condition,retained_fraction_note,median_spearman_rho,median_split_concordance,replicates,source_status
BRCA,HALLMARK_ESTROGEN_RESPONSE_LATE,75%,~75%,0.9820,0.9417,200,authoritative_closure_record
BRCA,HALLMARK_ESTROGEN_RESPONSE_LATE,50%,~50%,0.9515,0.9052,200,authoritative_closure_record
BRCA,HALLMARK_ESTROGEN_RESPONSE_LATE,25%,~25%,0.8682,0.8432,200,authoritative_closure_record
BRCA,HALLMARK_ESTROGEN_RESPONSE_LATE,K10,5.2%,0.6064,0.7192,200,authoritative_closure_record
BRCA,GOBP_REGULATION_OF_INTRINSIC_APOPTOTIC_SIGNALING_PATHWAY_IN_RESPONSE_TO_DNA_DAMAGE,75%,~75%,0.8727,0.8423,200,authoritative_closure_record
BRCA,GOBP_REGULATION_OF_INTRINSIC_APOPTOTIC_SIGNALING_PATHWAY_IN_RESPONSE_TO_DNA_DAMAGE,50%,~50%,0.7020,0.7557,200,authoritative_closure_record
BRCA,GOBP_REGULATION_OF_INTRINSIC_APOPTOTIC_SIGNALING_PATHWAY_IN_RESPONSE_TO_DNA_DAMAGE,25%,~25%,0.4989,0.6718,200,authoritative_closure_record
BRCA,GOBP_REGULATION_OF_INTRINSIC_APOPTOTIC_SIGNALING_PATHWAY_IN_RESPONSE_TO_DNA_DAMAGE,K10,28.6%,0.5311,0.6882,200,authoritative_closure_record
BRCA,REACTOME_GLYCOGEN_BREAKDOWN_GLYCOGENOLYSIS,75%,~75%,0.8733,0.8459,200,authoritative_closure_record
BRCA,REACTOME_GLYCOGEN_BREAKDOWN_GLYCOGENOLYSIS,50%,~50%,0.7108,0.7648,200,authoritative_closure_record
BRCA,REACTOME_GLYCOGEN_BREAKDOWN_GLYCOGENOLYSIS,25%,~25%,0.4672,0.6627,200,authoritative_closure_record
BRCA,REACTOME_GLYCOGEN_BREAKDOWN_GLYCOGENOLYSIS,K10,66.7%,0.8358,0.8250,200,authoritative_closure_record
COAD,GOBP_NEGATIVE_REGULATION_OF_INCLUSION_BODY_ASSEMBLY,75%,~75%,0.9024,0.8671,200,authoritative_closure_record
COAD,GOBP_NEGATIVE_REGULATION_OF_INCLUSION_BODY_ASSEMBLY,50%,~50%,0.7717,0.7832,200,authoritative_closure_record
COAD,GOBP_NEGATIVE_REGULATION_OF_INCLUSION_BODY_ASSEMBLY,25%,~25%,0.6028,0.7063,200,authoritative_closure_record
COAD,GOBP_NEGATIVE_REGULATION_OF_INCLUSION_BODY_ASSEMBLY,K10,83.3%,0.9351,0.8951,200,authoritative_closure_record
COAD,REACTOME_TP53_REGULATES_TRANSCRIPTION_OF_CELL_CYCLE_GENES,75%,~75%,0.9479,0.8951,200,authoritative_closure_record
COAD,REACTOME_TP53_REGULATES_TRANSCRIPTION_OF_CELL_CYCLE_GENES,50%,~50%,0.8703,0.8392,200,authoritative_closure_record
COAD,REACTOME_TP53_REGULATES_TRANSCRIPTION_OF_CELL_CYCLE_GENES,25%,~25%,0.7273,0.7622,200,authoritative_closure_record
COAD,REACTOME_TP53_REGULATES_TRANSCRIPTION_OF_CELL_CYCLE_GENES,K10,22.2%,0.6977,0.7483,200,authoritative_closure_record
