"gsm","rfs_time","rfs_event"
"GSM971959",4,1
"GSM971960",74,0
"GSM971961",1,1
"GSM971962",73,0
"GSM971963",17,1
"GSM971964",35,0
"GSM971965",33,0
"GSM971966",63,0
"GSM971968",93,1
"GSM971969",63,0
"GSM971970",86,0
"GSM971971",65,0
"GSM971972",75,0
"GSM971973",46,0
"GSM971974",56,0
"GSM971975",46,0
"GSM971976",36,0
"GSM971977",49,0
"GSM971978",109,0
"GSM971979",53,0
"GSM971980",59,0
"GSM971981",48,0
"GSM971982",42,0
"GSM971983",87,0
"GSM971984",5,1
"GSM971985",7,0
"GSM971986",68,0
"GSM971987",68,0
"GSM971988",15,1
"GSM971989",16,1
"GSM971990",12,0
"GSM971991",55,0
"GSM971992",20,0
"GSM971993",56,0
"GSM971994",43,0
"GSM971995",25,0
"GSM971996",76,0
"GSM971997",89,0
"GSM971998",18,1
"GSM971999",1,0
"GSM972000",9,1
"GSM972001",73,0
"GSM972002",25,1
"GSM972004",89,0
"GSM972007",2,0
"GSM972008",2,1
"GSM972010",10,1
"GSM972011",18,1
"GSM972012",101,0
"GSM972013",43,0
"GSM972015",91,0
"GSM972016",14,1
"GSM972017",43,0
"GSM972018",117,0
"GSM972019",21,1
"GSM972020",9,1
"GSM972021",5,1
"GSM972022",82,0
"GSM972023",6,1
"GSM972024",37,1
"GSM972025",53,0
"GSM972026",32,1
"GSM972027",94,0
"GSM972028",78,0
"GSM972029",36,0
"GSM972030",52,0
"GSM972031",55,0
"GSM972032",60,0
"GSM972033",50,0
"GSM972034",50,0
"GSM972035",39,0
"GSM972036",50,0
"GSM972037",33,0
"GSM972038",1,0
"GSM972040",63,0
"GSM972041",55,0
"GSM972042",51,0
"GSM972044",42,0
"GSM972046",21,1
"GSM972047",33,0
"GSM972049",26,0
"GSM972050",19,0
"GSM972052",15,0
"GSM972053",29,0
"GSM972054",26,0
"GSM972055",93,0
"GSM972056",92,0
"GSM972057",26,0
"GSM972058",60,0
"GSM972059",59,0
"GSM972060",82,0
"GSM972061",43,0
"GSM972063",70,0
"GSM972065",46,0
"GSM972067",183,0
"GSM972068",3,1
"GSM972069",201,0
"GSM972070",68,0
"GSM972071",183,0
"GSM972072",172,0
"GSM972073",163,0
"GSM972074",1,1
"GSM972075",44,0
"GSM972076",153,0
"GSM972077",26,1
"GSM972078",54,1
"GSM972079",168,0
"GSM972080",53,1
"GSM972081",26,0
"GSM972082",119,1
"GSM972083",127,0
"GSM972084",129,0
"GSM972085",97,0
"GSM972086",43,0
"GSM972087",8,1
"GSM972088",79,0
"GSM972089",87,0
"GSM972090",69,0
"GSM972091",45,1
"GSM972092",47,0
"GSM972093",74,0
"GSM972094",61,0
"GSM972095",67,0
"GSM972096",3,1
"GSM972097",12,1
"GSM972098",15,0
"GSM972099",15,0
"GSM972100",25,0
"GSM972101",21,1
"GSM972102",46,0
"GSM972103",28,1
"GSM972104",41,0
"GSM972105",32,0
"GSM972106",9,1
"GSM972107",60,0
"GSM972108",103,0
"GSM972109",36,0
"GSM972110",4,1
"GSM972111",13,1
"GSM972112",32,0
"GSM972113",18,1
"GSM972114",46,0
"GSM972115",11,1
"GSM972116",2,1
"GSM972117",11,1
"GSM972118",19,1
"GSM972119",25,1
"GSM972120",36,0
"GSM972121",35,0
"GSM972122",19,1
"GSM972123",71,0
"GSM972124",75,0
"GSM972125",14,1
"GSM972126",63,0
"GSM972127",85,0
"GSM972128",93,0
"GSM972129",11,0
"GSM972130",55,0
"GSM972131",86,0
"GSM972132",61,0
"GSM972133",27,1
"GSM972134",7,1
"GSM972135",4,1
"GSM972136",61,1
"GSM972137",9,1
"GSM972138",45,1
"GSM972139",38,1
"GSM972140",56,1
"GSM972141",15,1
"GSM972142",2,1
"GSM972143",154,0
"GSM972144",121,0
"GSM972145",135,0
"GSM972146",66,0
"GSM972147",140,0
"GSM972148",127,0
"GSM972149",132,0
"GSM972150",109,0
"GSM972151",77,0
"GSM972152",56,0
"GSM972153",66,0
"GSM972154",3,1
"GSM972155",6,1
"GSM972156",112,0
"GSM972157",118,0
"GSM972158",120,0
"GSM972159",93,0
"GSM972160",39,1
"GSM972161",9,1
"GSM972162",77,0
"GSM972163",41,0
"GSM972164",3,1
"GSM972165",36,1
"GSM972166",3,1
"GSM972167",36,1
"GSM972168",4,1
"GSM972169",164,0
"GSM972170",73,0
"GSM972171",130,0
"GSM972172",4,1
"GSM972173",15,1
"GSM972174",97,0
"GSM972175",28,1
"GSM972176",35,1
"GSM972177",20,1
"GSM972178",21,1
"GSM972179",17,1
"GSM972180",19,1
"GSM972181",13,1
"GSM972182",23,1
"GSM972183",11,1
"GSM972184",4,1
"GSM972185",22,1
"GSM972186",14,1
"GSM972187",9,1
"GSM972188",11,1
"GSM972189",192,0
"GSM972190",108,0
"GSM972191",122,0
"GSM972192",158,0
"GSM972193",73,0
"GSM972194",83,0
"GSM972195",120,0
"GSM972196",73,0
"GSM972197",50,0
"GSM972198",57,0
"GSM972199",66,0
"GSM972200",54,0
"GSM972201",67,0
"GSM972202",53,0
"GSM972203",54,0
"GSM972204",4,1
"GSM972205",7,1
"GSM972207",34,1
"GSM972211",57,0
"GSM972215",47,0
"GSM972220",1,0
"GSM972221",65,0
"GSM972222",57,0
"GSM972223",33,0
"GSM972224",20,1
"GSM972225",37,0
"GSM972226",20,0
"GSM972227",20,0
"GSM972228",1,0
"GSM972230",27,0
"GSM972231",14,0
"GSM972232",21,0
"GSM972233",15,0
"GSM972234",10,0
"GSM972235",7,0
"GSM972236",12,0
"GSM972237",25,0
"GSM972238",19,0
"GSM972239",14,0
"GSM972240",14,0
"GSM972241",17,0
"GSM972242",17,0
"GSM972243",2,0
"GSM972244",14,0
"GSM972247",6,0
"GSM972248",14,0
"GSM972249",14,0
"GSM972250",12,0
"GSM972251",7,0
"GSM972252",16,0
"GSM972253",16,0
"GSM972254",9,1
"GSM972255",5,0
"GSM972256",13,1
"GSM972257",9,1
"GSM972259",29,0
"GSM972260",13,0
"GSM972261",7,0
"GSM972262",5,0
"GSM972263",76,0
"GSM972264",73,0
"GSM972265",60,0
"GSM972266",20,0
"GSM972267",67,0
"GSM972268",48,0
"GSM972269",79,0
"GSM972270",65,0
"GSM972271",13,1
"GSM972272",15,0
"GSM972273",16,0
"GSM972274",57,0
"GSM972275",3,1
"GSM972276",43,0
"GSM972277",51,0
"GSM972278",45,0
"GSM972279",52,0
"GSM972280",46,0
"GSM972281",56,0
"GSM972282",51,0
"GSM972283",51,0
"GSM972284",27,0
"GSM972285",2,0
"GSM972286",37,0
"GSM972287",43,0
"GSM972288",35,0
"GSM972289",17,0
"GSM972290",39,0
"GSM972291",10,1
"GSM972292",25,0
"GSM972293",50,0
"GSM972294",25,0
"GSM972295",61,0
"GSM972296",22,0
"GSM972297",46,0
"GSM972298",9,0
"GSM972299",41,0
"GSM972300",41,0
"GSM972301",105,0
"GSM972302",27,0
"GSM972303",19,0
"GSM972304",30,0
"GSM972305",31,0
"GSM972306",56,0
"GSM972307",82,0
"GSM972308",92,0
"GSM972309",95,0
"GSM972310",25,0
"GSM972311",106,0
"GSM972312",97,0
"GSM972313",91,0
"GSM972314",46,0
"GSM972315",84,0
"GSM972316",83,0
"GSM972317",5,1
"GSM972318",36,0
"GSM972319",78,0
"GSM972320",10,1
"GSM972321",9,0
"GSM972322",66,1
"GSM972323",80,0
"GSM972324",82,0
"GSM972325",53,1
"GSM972326",85,0
"GSM972327",83,0
"GSM972328",78,1
"GSM972329",78,0
"GSM972330",86,0
"GSM972331",75,0
"GSM972332",87,0
"GSM972333",80,0
"GSM972334",77,0
"GSM972335",46,0
"GSM972336",50,0
"GSM972337",41,0
"GSM972338",74,0
"GSM972339",76,0
"GSM972340",48,1
"GSM972341",69,0
"GSM972342",28,0
"GSM972343",52,0
"GSM972344",75,0
"GSM972345",41,1
"GSM972346",72,0
"GSM972347",7,0
"GSM972348",62,0
"GSM972349",5,0
"GSM972351",24,0
"GSM972352",74,1
"GSM972353",133,0
"GSM972354",23,1
"GSM972355",17,1
"GSM972357",42,0
"GSM972358",81,0
"GSM972359",12,1
"GSM972360",141,0
"GSM972361",18,1
"GSM972362",98,0
"GSM972363",140,0
"GSM972364",103,0
"GSM972365",47,0
"GSM972366",14,1
"GSM972367",95,0
"GSM972368",92,0
"GSM972369",18,1
"GSM972370",32,1
"GSM972371",81,0
"GSM972372",33,1
"GSM972373",37,1
"GSM972374",90,0
"GSM972375",117,0
"GSM972376",87,0
"GSM972377",82,0
"GSM972378",86,0
"GSM972379",95,0
"GSM972380",6,1
"GSM972381",27,1
"GSM972382",37,1
"GSM972383",92,0
"GSM972384",106,0
"GSM972385",63,0
"GSM972386",90,0
"GSM972387",24,1
"GSM972388",83,0
"GSM972389",93,0
"GSM972390",6,1
"GSM972391",43,1
"GSM972392",21,1
"GSM972393",5,1
"GSM972394",6,1
"GSM972395",147,0
"GSM972396",107,0
"GSM972397",105,0
"GSM972398",64,0
"GSM972399",90,0
"GSM972400",8,1
"GSM972403",56,0
"GSM972404",48,0
"GSM972405",79,0
"GSM972406",106,0
"GSM972407",132,0
"GSM972408",32,0
"GSM972409",104,0
"GSM972410",91,0
"GSM972411",125,0
"GSM972412",5,1
"GSM972413",16,1
"GSM972414",53,0
"GSM972415",8,1
"GSM972416",5,1
"GSM972417",146,0
"GSM972418",70,0
"GSM972419",30,1
"GSM972420",6,1
"GSM972421",22,1
"GSM972422",13,1
"GSM972423",13,1
"GSM972424",104,0
"GSM972425",59,0
"GSM972426",81,0
"GSM972427",53,0
"GSM972428",55,0
"GSM972429",62,0
"GSM972430",53,0
"GSM972431",54,0
"GSM972432",19,1
"GSM972433",3,1
"GSM972434",19,1
"GSM972435",14,1
"GSM972436",2,1
"GSM972440",52,0
"GSM972443",48,0
"GSM972444",5,1
"GSM972445",35,0
"GSM972447",31,0
"GSM972449",19,1
"GSM972450",19,1
"GSM972451",97,0
"GSM972452",99,0
"GSM972453",100,0
"GSM972454",75,0
"GSM972455",74,0
"GSM972457",34,1
"GSM972458",17,0
"GSM972459",12,0
"GSM972460",96,0
"GSM972461",96,0
"GSM972462",88,0
"GSM972464",86,0
"GSM972465",84,0
"GSM972466",75,0
"GSM972467",72,0
"GSM972468",24,0
"GSM972469",86,0
"GSM972470",85,0
"GSM972472",80,0
"GSM972473",45,1
"GSM972474",9,1
"GSM972475",87,0
"GSM972476",64,0
"GSM972477",81,0
"GSM972478",69,0
"GSM972479",3,0
"GSM972480",69,0
"GSM972481",65,0
"GSM972482",42,0
"GSM972483",23,1
"GSM972484",76,0
"GSM972485",75,0
"GSM972486",33,0
"GSM972487",67,0
"GSM972488",49,0
"GSM972489",74,0
"GSM972490",74,0
"GSM972491",70,0
"GSM972492",68,0
"GSM972493",59,0
"GSM972494",57,0
"GSM972495",18,1
"GSM972496",142,0
"GSM972497",1,0
"GSM972498",19,1
"GSM972499",72,0
"GSM972501",106,0
"GSM972502",131,0
"GSM972503",146,0
"GSM972504",24,1
"GSM972505",144,0
"GSM972506",141,0
"GSM972507",42,0
"GSM972508",134,0
"GSM972509",14,0
"GSM972510",86,0
"GSM972511",47,0
"GSM972512",4,1
"GSM972513",13,1
"GSM972515",118,0
"GSM972516",66,0
"GSM972517",32,1
"GSM972518",15,1
"GSM972519",11,1
"GSM972520",62,0
"GSM972521",76,0
"GSM972522",99,0
"GSM1681353",131,0
"GSM1681354",142,0
"GSM1681355",141,0
"GSM1681356",134,0
"GSM1681357",24,1
"GSM1681359",36,0
"GSM1681360",5,1
"GSM1681361",86,0
"GSM1681362",86,0
"GSM1681363",85,0
"GSM1681364",85,0
"GSM1681365",86,0
"GSM1681367",76,0
"GSM1681368",81,0
"GSM1681369",65,0
"GSM1681370",74,0
"GSM1681371",68,0
