"target","gene"
"GOBP_NEGATIVE_REGULATION_OF_INCLUSION_BODY_ASSEMBLY","DNAJA4"
"GOBP_NEGATIVE_REGULATION_OF_INCLUSION_BODY_ASSEMBLY","DNAJB1"
"GOBP_NEGATIVE_REGULATION_OF_INCLUSION_BODY_ASSEMBLY","DNAJB2"
"GOBP_NEGATIVE_REGULATION_OF_INCLUSION_BODY_ASSEMBLY","DNAJB6"
"GOBP_NEGATIVE_REGULATION_OF_INCLUSION_BODY_ASSEMBLY","DNAJB8"
"GOBP_NEGATIVE_REGULATION_OF_INCLUSION_BODY_ASSEMBLY","HSPA1A"
"GOBP_NEGATIVE_REGULATION_OF_INCLUSION_BODY_ASSEMBLY","HSPA1B"
"GOBP_NEGATIVE_REGULATION_OF_INCLUSION_BODY_ASSEMBLY","HSPA2"
"GOBP_NEGATIVE_REGULATION_OF_INCLUSION_BODY_ASSEMBLY","IFNB1"
"GOBP_NEGATIVE_REGULATION_OF_INCLUSION_BODY_ASSEMBLY","SACS"
"GOBP_NEGATIVE_REGULATION_OF_INCLUSION_BODY_ASSEMBLY","SORL1"
"REACTOME_TP53_REGULATES_TRANSCRIPTION_OF_CELL_CYCLE_GENES","ARID3A"
"REACTOME_TP53_REGULATES_TRANSCRIPTION_OF_CELL_CYCLE_GENES","AURKA"
"REACTOME_TP53_REGULATES_TRANSCRIPTION_OF_CELL_CYCLE_GENES","BAX"
"REACTOME_TP53_REGULATES_TRANSCRIPTION_OF_CELL_CYCLE_GENES","BTG2"
"REACTOME_TP53_REGULATES_TRANSCRIPTION_OF_CELL_CYCLE_GENES","CARM1"
"REACTOME_TP53_REGULATES_TRANSCRIPTION_OF_CELL_CYCLE_GENES","CCNA1"
"REACTOME_TP53_REGULATES_TRANSCRIPTION_OF_CELL_CYCLE_GENES","CCNA2"
"REACTOME_TP53_REGULATES_TRANSCRIPTION_OF_CELL_CYCLE_GENES","CCNB1"
"REACTOME_TP53_REGULATES_TRANSCRIPTION_OF_CELL_CYCLE_GENES","CCNE1"
"REACTOME_TP53_REGULATES_TRANSCRIPTION_OF_CELL_CYCLE_GENES","CCNE2"
"REACTOME_TP53_REGULATES_TRANSCRIPTION_OF_CELL_CYCLE_GENES","CDC25C"
"REACTOME_TP53_REGULATES_TRANSCRIPTION_OF_CELL_CYCLE_GENES","CDK1"
"REACTOME_TP53_REGULATES_TRANSCRIPTION_OF_CELL_CYCLE_GENES","CDK2"
"REACTOME_TP53_REGULATES_TRANSCRIPTION_OF_CELL_CYCLE_GENES","CDKN1A"
"REACTOME_TP53_REGULATES_TRANSCRIPTION_OF_CELL_CYCLE_GENES","CDKN1B"
"REACTOME_TP53_REGULATES_TRANSCRIPTION_OF_CELL_CYCLE_GENES","CNOT1"
"REACTOME_TP53_REGULATES_TRANSCRIPTION_OF_CELL_CYCLE_GENES","CNOT10"
"REACTOME_TP53_REGULATES_TRANSCRIPTION_OF_CELL_CYCLE_GENES","CNOT2"
"REACTOME_TP53_REGULATES_TRANSCRIPTION_OF_CELL_CYCLE_GENES","CNOT3"
"REACTOME_TP53_REGULATES_TRANSCRIPTION_OF_CELL_CYCLE_GENES","CNOT4"
"REACTOME_TP53_REGULATES_TRANSCRIPTION_OF_CELL_CYCLE_GENES","CNOT6"
"REACTOME_TP53_REGULATES_TRANSCRIPTION_OF_CELL_CYCLE_GENES","CNOT6L"
"REACTOME_TP53_REGULATES_TRANSCRIPTION_OF_CELL_CYCLE_GENES","CNOT7"
"REACTOME_TP53_REGULATES_TRANSCRIPTION_OF_CELL_CYCLE_GENES","CNOT8"
"REACTOME_TP53_REGULATES_TRANSCRIPTION_OF_CELL_CYCLE_GENES","E2F1"
"REACTOME_TP53_REGULATES_TRANSCRIPTION_OF_CELL_CYCLE_GENES","E2F4"
"REACTOME_TP53_REGULATES_TRANSCRIPTION_OF_CELL_CYCLE_GENES","E2F7"
"REACTOME_TP53_REGULATES_TRANSCRIPTION_OF_CELL_CYCLE_GENES","E2F8"
"REACTOME_TP53_REGULATES_TRANSCRIPTION_OF_CELL_CYCLE_GENES","EP300"
"REACTOME_TP53_REGULATES_TRANSCRIPTION_OF_CELL_CYCLE_GENES","GADD45A"
"REACTOME_TP53_REGULATES_TRANSCRIPTION_OF_CELL_CYCLE_GENES","NPM1"
"REACTOME_TP53_REGULATES_TRANSCRIPTION_OF_CELL_CYCLE_GENES","PCBP4"
"REACTOME_TP53_REGULATES_TRANSCRIPTION_OF_CELL_CYCLE_GENES","PCNA"
"REACTOME_TP53_REGULATES_TRANSCRIPTION_OF_CELL_CYCLE_GENES","PLAGL1"
"REACTOME_TP53_REGULATES_TRANSCRIPTION_OF_CELL_CYCLE_GENES","PLK2"
"REACTOME_TP53_REGULATES_TRANSCRIPTION_OF_CELL_CYCLE_GENES","PLK3"
"REACTOME_TP53_REGULATES_TRANSCRIPTION_OF_CELL_CYCLE_GENES","PRMT1"
"REACTOME_TP53_REGULATES_TRANSCRIPTION_OF_CELL_CYCLE_GENES","RBL1"
"REACTOME_TP53_REGULATES_TRANSCRIPTION_OF_CELL_CYCLE_GENES","RBL2"
"REACTOME_TP53_REGULATES_TRANSCRIPTION_OF_CELL_CYCLE_GENES","SFN"
"REACTOME_TP53_REGULATES_TRANSCRIPTION_OF_CELL_CYCLE_GENES","TFDP1"
"REACTOME_TP53_REGULATES_TRANSCRIPTION_OF_CELL_CYCLE_GENES","TFDP2"
"REACTOME_TP53_REGULATES_TRANSCRIPTION_OF_CELL_CYCLE_GENES","TNKS1BP1"
"REACTOME_TP53_REGULATES_TRANSCRIPTION_OF_CELL_CYCLE_GENES","TP53"
"REACTOME_TP53_REGULATES_TRANSCRIPTION_OF_CELL_CYCLE_GENES","ZNF385A"
