cohort,target,method,n,events,HR_per_1SD,CI_low,CI_high,Cox_p,D_logrank
BRCA,HALLMARK_ESTROGEN_RESPONSE_LATE,CURRENT_MEAN_Z,759,93,0.69825,0.57828,0.84310,0.00018815,4.17143
BRCA,HALLMARK_ESTROGEN_RESPONSE_LATE,GSVA,759,93,0.73532,0.60709,0.89064,0.0016638,1.57878
BRCA,HALLMARK_ESTROGEN_RESPONSE_LATE,ssGSEA,759,93,0.73118,0.60832,0.87886,0.00085079,3.66664
BRCA,GOBP_REGULATION_OF_INTRINSIC_APOPTOTIC_SIGNALING_PATHWAY_IN_RESPONSE_TO_DNA_DAMAGE,CURRENT_MEAN_Z,759,93,0.63959,0.51364,0.79643,0.000064944,3.96448
BRCA,GOBP_REGULATION_OF_INTRINSIC_APOPTOTIC_SIGNALING_PATHWAY_IN_RESPONSE_TO_DNA_DAMAGE,GSVA,759,93,0.73155,0.58941,0.90798,0.0045723,1.32684
BRCA,GOBP_REGULATION_OF_INTRINSIC_APOPTOTIC_SIGNALING_PATHWAY_IN_RESPONSE_TO_DNA_DAMAGE,ssGSEA,759,93,0.85040,0.69394,1.04214,0.11827,0.45606
BRCA,REACTOME_GLYCOGEN_BREAKDOWN_GLYCOGENOLYSIS,CURRENT_MEAN_Z,759,93,1.23388,1.02137,1.49061,0.029314,2.06408
BRCA,REACTOME_GLYCOGEN_BREAKDOWN_GLYCOGENOLYSIS,GSVA,759,93,1.31419,1.08597,1.59036,0.0049942,1.52174
BRCA,REACTOME_GLYCOGEN_BREAKDOWN_GLYCOGENOLYSIS,ssGSEA,759,93,1.23652,1.01855,1.50114,0.031898,0.40357
COAD,GOBP_NEGATIVE_REGULATION_OF_INCLUSION_BODY_ASSEMBLY,CURRENT_MEAN_Z,275,68,1.82549,1.46057,2.28158,0.00000012286,4.25223
COAD,GOBP_NEGATIVE_REGULATION_OF_INCLUSION_BODY_ASSEMBLY,GSVA,275,68,1.46273,1.13735,1.88121,0.0030517,0.69841
COAD,GOBP_NEGATIVE_REGULATION_OF_INCLUSION_BODY_ASSEMBLY,ssGSEA,275,68,1.51868,1.17575,1.96162,0.0013748,2.75332
COAD,REACTOME_TP53_REGULATES_TRANSCRIPTION_OF_CELL_CYCLE_GENES,CURRENT_MEAN_Z,275,68,0.73856,0.58113,0.93863,0.013222,1.79108
COAD,REACTOME_TP53_REGULATES_TRANSCRIPTION_OF_CELL_CYCLE_GENES,GSVA,275,68,0.63662,0.49288,0.82228,0.00054294,3.75260
COAD,REACTOME_TP53_REGULATES_TRANSCRIPTION_OF_CELL_CYCLE_GENES,ssGSEA,275,68,0.71738,0.56743,0.90695,0.0054982,2.46421
